Groepsnaam,Aantal producten,SKUs,Eerste productnaam
MaiMed hydrofiel gaaskompressen,36,MAI-00025110 | MAI-00028091 | MAI-00028092 | MAI-00025023 | MAI-00025071 | MAI-00021140 | MAI-00025120 | MAI-00028141 | MAI-00021132 | MAI-00025080 | MAI-00021030 | MAI-00025090 | MAI-00025100 | MAI-00025101 | MAI-00021050 | MAI-00025022 | MAI-00025060 | MAI-00025061 | MAI-00025018 | MAI-00028111 | MAI-00021010 | MAI-00021080 | MAI-00021091 | MAI-00021100 | MAI-00021101 | MAI-00025017 | MAI-00025021 | MAI-00025050 | MAI-00025051 | MAI-00025070 | MAI-00025112 | MAI-00025118 | MAI-00028031 | MAI-00028101 | MAI-00028102 | MAI-00025072,MaiMed hydrofiel gaaskompressen 10x10cm 12 laags steriel per 2 stuks
Ratiomed acupunctuurnaald,21,148001 | 148002 | 148003 | 148004 | 148209 | 148256 | 148301 | 148304 | 148305 | 148306 | 148101 | 148201 | 148011 | 148202 | 148203 | 148204 | 148205 | 148206 | 148013 | 148207 | 148208,"Ratiomed acupunctuurnaald 0,20 x 15 A3 met kunststofhandgreep"
Seirin Acupunctuurnaald Dry Needling J-Type,19,J1215 | J1415 | J1615 | J1230 | J1430 | J1640 | J1630 | J1830 | J2540 | J2530 | J2550 | J3030 | J3040 | J3060 | J3050 | J1840 | J2030 | J2040 | J2050,"Seirin Acupunctuurnaald Dry Needling J-Type 0,12 x 15"
MaiMed non woven gaaskompressen,19,MAI-00021240 | MAI-00025240 | MAI-00021290 | MAI-00025245 | MAI-00021210 | MAI-00021220 | MAI-00021260 | MAI-00021230 | MAI-00021270 | MAI-00021280 | MAI-00025210 | MAI-00025211 | MAI-00025215 | MAI-00025220 | MAI-00025221 | MAI-00025225 | MAI-00025230 | MAI-00025231 | MAI-00025235,MaiMed non woven gaaskompressen 10x20cm 4 laags
Gaaskompres Medicomp,17,421727 | 421823 | 421827 | 421831 | 421833 | 411051 | 411053 | 411072 | 411077 | 411075 | 411064 | 421835 | 421837 | 411074 | 411076 | 411078 | 411079,Gaaskompres Medicomp 10 x 20 25 x 2 stuks 4 laags
Gaaskompres Sterilux ES,13,418535 | 418561 | 418563 | 418800 | 418804 | 205022 | 418806 | 418807 | 418809 | 418810 | 418035 | 418235 | 418521,Gaaskompres Sterilux ES 10 x 10 cm per 5 stuks
Terumo spuit met naald,13,SS02SE21161 | SS02SE21251 | SS02SE21381 | SS02SE22381 | SS02SE23251 | SS02SE23321 | SS02SE25161 | MDSS05S2138E | MDSS05S2238E | MDSS10S2038E | MDSS10S2138E | MDSS10S2238E | MDSS05S2332E,Terumo spuit met naald 3 ml 21 G x 16 mm
Schaar chirurgisch spits / stomp,12,B000159.11 | B000159.14 | B000159.16 | B000159.18 | B000159.20 | B000187.11 | B000187.14 | B000187.16 | B000187.18 | B000187.20 | L600030.14 | L600040.14,Schaar chirurgisch spits / stomp 11 cm recht
Schaar chirurgisch spits / spits,12,B000170.11 | B000195.11 | L600110.14 | B000170.14 | B000170.20 | B000170.18 | B000170.16 | B000195.14 | B000195.20 | B000195.16 | B000195.18 | L600120.14,Schaar chirurgisch spits / spits 11 cm recht
Metzenbaum prepareerschaar stomp / stomp,12,B000983.23 | B000988.12 | B000988.14 | B000988.18 | B000988.23 | L600430.23 | L600440.23 | B000983.18 | B000983.12 | B000983.14 | L600380.14 | L600370.14,Metzenbaum prepareerschaar stomp / stomp 23 cm recht rvs
Merocel neustampon,10,470404 | 400402 | 400400 | 440402 | 450402 | 440400 | 440406 | 450406 | MER-440411 | MER-400411,Merocel neustampon 8 cm
Latex Foley Catheter Tiemann,10,666012 | 666014 | 666016 | 666018 | 666020 | 665018 | 665014 | 665012 | 665016 | 665020,Latex Foley Catheter Tiemann 10ml CH 12
Schaar chirurgisch stomp / stomp,10,B000178.18 | B000178.20 | B000204.18 | B000204.20 | B000178.14 | B000178.11 | B000204.11 | B000204.16 | B000204.14 | B000178.16,Schaar chirurgisch stomp / stomp 18 cm recht
Keelspiegel compleet met heft,10,B000790.19 | B000791.19 | B000792.19 | B000793.19 | B000794.19 | B000795.19 | B000796.19 | B000788.19 | B000789.19 | B000788.20,Keelspiegel compleet met heft nr 3 = 16 mm / 19 cm Rvs
3M Scotchcast,10,3M-82002A | 3M-82002P | 3M-82002U | 3M-82002R | 3M-82002G | 3M-82002Y | 3M-82002 | 3M-82002LB | 3M-82002V | 3M-82002B,3M Scotchcast 5 cm x 3.6 meter zwart
Nipro injectiespuit 3 delig,10,NIP-SY3-50CTC-EC | NIP-SY3-1LC-EC | NIP-SY3-2LC-EC | NIP-SY3-3LC-GEC | NIP-SY3-5LC-GEC | NIP-SY3-10LC-GEC | NIP-SY3-20LC-GEC | NIP-SY3-1SCTU-GEC | NIP-SY3-3SC-2138-GEC | NIP-SY3-2SC-2238-GEC,Nipro injectiespuit 3 delig 50 ml cathetertip
Urosid Sensor 400,9,646008 | 646010 | 646016 | 646018 | 646022 | 646020 | 646024 | 646014 | 646012,Urosid Sensor 400 CH08 Foleykatheters met Temperatuurmeetfunctie
Guedel oropharyngeaal,9,830002M | 830001M | 830010M | 830020M | 830030M | 830040M | 830050M | 830060M | 830003M,Guedel oropharyngeaal size 00 50mm
Transparante wondfolie Hydrofilm,9,685759 | 685758 | 685757 | 685755 | 685756 | 685760 | 685761 | 685762 | 685764,Transparante wondfolie Hydrofilm 10 x 15 cm
Gaaskompres Telacomp,9,401937 | 400513 | 401935 | 452237 | 452133 | 452135 | 452137 | 452165 | 452235,Gaaskompres Telacomp 10 x 20 cm 12 laags
Vaginaal speculum Cusco,9,B000242.17 | B000244.23 | B000248.29 | B000246.25 | B000249.30 | B000252.35 | B000247.27 | B000251.35 | B000250.30,Vaginaal speculum Cusco 17 x 100 mm zwitsers model
Weitlaner wondspreider,9,B001635.10 | B001635.14 | B001635.17 | B001636.10 | B001636.14 | L600550.13 | L600530.10 | L600540.10 | L600560.13,Weitlaner wondspreider 2 x 3 tanden scherp 10 cm Rvs
Katheterisatieset,9,S-070000 | S-080000 | S-0X0000 | S-010000 | S-020000-N | S-040000 | S-050000 | S-030000-N | S-030000,Katheterisatieset
Bracer Mallet spalk,9,BRA-G70000 | BRA-G700001 | BRA-G700002 | BRA-G700003 | BRA-G700004 | BRA-G700005 | BRA-G700006 | BRA-G700007 | BRA-G700008,Bracer Mallet spalk
Syringe without needle TERUMO,9,MDSS10ESE | SS*10LE1 | MDSS20ESE | MDSS20LE | SS+20L1 | SS+50C1 | SS+50L1 | SS+50ES1 | MDSS10SE,Syringe without needle TERUMO 10ml- Slip tip -Eccentric
Hartmann Foliodrape afdekmateriaal,9,HAR-277547 | HAR-936155 | HAR-277504 | HAR-936152 | HAR-936177 | HAR-936176 | HAR-936186 | HAR-936154 | HAR-277505,Hartmann Foliodrape afdekmateriaal 50 x 50 cm
Zuigkatheter,8,F5 0103 | F5 0104 | F5 0106 | F5 0112 | F5 0111 | 0109 | 0101 | F5 0105,Zuigkatheter 53 cm recht CH 6
Injectiespuit Plastipak 3-delig,8,309649 | 300629 | 300865 | 300912 | 303299 | 309658 | 300605 | 303176,Injectiespuit Plastipak 3-delig 5 ml luer lock
Hydrofiel schuimverband HydroTac Comfort,8,685821 | 685815 | 685811 | 685810 | 685808 | 685814 | 685817 | 685813,Hydrofiel schuimverband HydroTac Comfort 15 x 20 cm
Latex Foleykatheter Nelaton,8,662024 | 662026 | 662012 | 662014 | 662022 | 662016 | 662018 | 662020,Latex Foleykatheter Nelaton 10ml CH 24
Latex tongkatheter Nelaton rubber,8,662212 | 662214 | 662216 | 662218 | 662220 | 662222 | 662224 | 662226,Latex tongkatheter Nelaton rubber 10ml CH12
Latex Foley Catheter Nelaton,8,663020 | 663022 | 663024 | 663026 | 663012 | 663014 | 663016 | 663018,Latex Foley Catheter Nelaton 30ml CH 20
Pincet chirurgisch,8,B000148.14 | B000149.13 | B000147.13 | B000147.18 | B000148.11 | B000147.11 | B000147.16 | B000147.14,Pincet chirurgisch 1 x 2 tanden fijn model 14 cm recht
Lister verbandschaar,8,B000890.14 | B000890.16 | B000890.18 | B000890.20 | B000890.09 | L600310.14 | L600330.18 | L600320.16,Lister verbandschaar 14 cm Rvs
Vicryl hechtdraad 2-0,8,V348H | V372H | V339H | V323H | J323H | J226H | VCP625E | VCP635H,Vicryl hechtdraad 2-0 90cm CT-1 plus violet
Chirana injectiespuit 3 delig luer lock,8,CH03020LL | CH03003LL | CH03030LL | CH03005LL | CH03001LL | CH03002LL | CH03010LL | CH03050LL,Chirana injectiespuit 3 delig luer lock 20 ml
Chirana injectiespuit 3 delig luer,8,CH03001L | CH03002L | CH03003L | CH03005L | CH03010L | CH03020L | CH03030L | CH03050L,Chirana injectiespuit 3 delig luer 1 ml
Smith and Nephew Rapid Rhino ballonkatheter met neustampon,8,SN-RR552 | SN-RR300 | SN-RR400 | SN-RR751 | SN-RR800 | SN-RR900 | SN-RR551 | SN-RR752,Smith and Nephew Rapid Rhino ballonkatheter met neustampon 55 mm
Medline Signature Latex Micro,8,MSG5890 | MSG5855 | MSG5875 | MSG5865 | MSG5885 | MSG5880 | MSG5870 | MSG5860,"Medline Signature Latex Micro maat 9,0"
Seirin Acupunctuurnaald Dry Needling B-Type,7,B3550 | B1615 | B2015 | B2530 | B2540 | B3030 | B3050,"Seirin Acupunctuurnaald Dry Needling B-Type 0,35 x 50"
Bandafix netverband 5 meter,7,352 | 353 | 354 | 355 | 357 | BF351 | BF356,Bandafix netverband 5 meter maat 2 bovenarm elleboog onderbeen voet
Mepilex Border Post-Op,7,496400 | 496600 | 496100 | 496200 | 496300 | 496550 | 496650,Mepilex Border Post-Op 10x20cm
Siliconen suprapubische katheter,7,645018 | 645020 | 645022 | 645026 | 645024 | 645014 | 645016,Siliconen suprapubische katheter CH 18
Onderlegger,7,76426 | 76422 | 76427 | 76428 | 76424 | 76425 | 76421,Onderlegger 60x60cm 4 laags
Curion Curibag Urinebeenzak Eendaags,7,2065 | 2021 | 2025 | 2027 | 8034 | 8036 | 2061,Curion Curibag Urinebeenzak Eendaags 750ml 45cm Kruiskraan
Curion Soft Urinebeenzak Meerdaags,7,2055K | 2055 | 2056 | 2054K | 2056K | 2072 | 2075,Curion Soft Urinebeenzak Meerdaags 500ml 60cm Hefboomkraan
Elastisch fixatiewindsel 4 m x,7,412-001 | 412-003 | 412-015 | 412-017 | 412-013 | 412-004 | 412-010,Elastisch fixatiewindsel 4 m x 4 cm
Hydrofiel schuimverband HydroTac,7,685844 | 685833 | 685832 | 685831 | 685837 | 685839 | 685843,Hydrofiel schuimverband HydroTac 20 x 20 cm
Gipsverbanden Safix plus 3 m x,7,332744 | 332745 | 332739 | 332740 | 332742 | 332741 | 332743,Gipsverbanden Safix plus 3 m x 15 cm
Injectiespuit Plastipak,7,305959 | 303172 | 303175 | 300866 | 300613 | 300867 | 301231,Injectiespuit Plastipak 10 ml luer lock
Semm vaginaal speculum,7,B001332.30 | B001330.12 | B001330.25 | B001330.16 | B001331.30 | B001330.20 | B001330.30,Semm vaginaal speculum 35 x 130 mm Rvs
KAI Biopsy punch,7,BP-40F | BP-50F | BP-60F | BP-80F | BP-20F | BP-30F | KAI-BP-10F,KAI Biopsy punch 4 mm
SonoGuard probe covers,7,US.10.140.120 | US.10.140.160 | US.10.150.040 | US.20.180.040 | US.20.180.120 | US.20.180.160 | US.10.140.040,SonoGuard probe covers 14 x 120 cm
Latex Foleykatheter Nelaton 3-weg,6,668022 | 668024 | 668026 | 668016 | 668018 | 668020,Latex Foleykatheter Nelaton 3-weg CH 22
Intermitterende Katheter Nelaton,6,680218 | 680216 | 680210 | 680212 | 680214 | 680208,Intermitterende Katheter Nelaton CH 18
Vicryl 4-0,6,J494H | V315H | V426H | V383H | V620H | V633H,Vicryl 4-0 45cm ongekleurd P-3
Vicryl Plus hechtdraad 4-0,6,VCP397H | VCP292H | VCP292ZH | VCP392ZH | VCP422H | ETH-VCP494H,Vicryl Plus hechtdraad 4-0 70 cm violet F-2
Siliconen Foley Katheter Nelaton,6,642112 | 642114 | 642116 | 642120 | 642122 | 642118,Siliconen Foley Katheter Nelaton CH12 x 40 cm
Ambu Blue Sensor ECG elektroden,6,N-00-S | SU-00-A | SP-00-A | R-00-S | L-00-S | SP-00-S,Ambu Blue Sensor ECG elektroden
Siliconen Katheter Nelaton,6,642012-P | 642014-P | 642018-P | 642020-P | 642022-P | 642024-P,Siliconen Katheter Nelaton CH12 x 40cm Glyco-SID
Prolene hechtdraad 5-0,6,8710H | 8661H | 8698H | 8681H | 8686H | 8890H,Prolene hechtdraad 5-0 75cm RB-2
Vicryl hechtdraad 1-0,6,V907E | V617H | V331H | V947H | J371H | J331H,Vicryl hechtdraad 1-0 45cm non needled violet
Ultrasound gel Parker Aquasonic,6,01-02 | 01-08 | 01-50 | 03-02 | 03-08 | 03-50,Ultrasound gel Parker Aquasonic 60 gram tube
S&amp;N Leukostrip,6,66002876 | 66002878 | 66002879 | 66002880 | 66002883 | 66002903,S&amp;N Leukostrip 4 x 38 mm 8 strips
Pincet anatomisch,6,B000039.11 | B000039.13 | B000039.14 | B000039.16 | B000039.18 | B000053.16,Pincet anatomisch 11 cm recht rvs
Kocher arterieklem,6,B000849.14 | B000856.14 | B000852.18 | B000856.16 | B000856.18 | B000850.16,Kocher arterieklem 1x2 tanden 14 cm recht rvs
Pean arterieklem,6,B001145.14 | B001145.16 | B001145.18 | B001148.14 | B001148.16 | B001148.18,Pean arterieklem 14 cm recht rvs
Gatlaken Medline,6,ES15209CE | ES15217CE | ES15219CE | ES15231CE | ES15207CEA | TB9462CE,Gatlaken Medline 75 x 90 cm diameter 8 cm
Vicryl Rapide hechtdraad 3-0,6,V2150H | V2190H | V4421H | V76H | V4160H | V2190G,Vicryl Rapide hechtdraad 3-0 70 cm ongekleurd RB-1 plus naald
MaiMed-porefix eilandpleister,6,MAI-00077050 | MAI-00077060 | MAI-00077070 | MAI-00077080 | MAI-00077090 | MAI-00077040,MaiMed-porefix eilandpleister 10x8cm
Shiley Nasopharyngeal Airway,6,8888247015 | 8888247023 | 8888247049 | MEDT-8888247031 | MEDT-8888247056 | MEDT-8888247064,Shiley Nasopharyngeal Airway CH24
MaiMed-porefix eilandpleister transparant,6,MAI-00077093 | MAI-00077094 | MAI-00077095 | MAI-00077091 | MAI-00077092 | MAI-00077096,MaiMed-porefix eilandpleister transparant 15x9cm
BD Insyte infuusnaald met catheter,6,BD-381244 | BD-381237 | BD-3812 | BD-381212 | BD-381223 | BD-381247,BD Insyte infuusnaald met catheter 18G x 30 mm
Alsatom pincet lengte,6,PBC/R | PMC/RS | PMC/R | PMC/CS | PMC/C | PBC/C,Alsatom pincet lengte 19 cm tip 2 mm recht
Bandafix netverband 25 meter,5,204 | BF200 | BF205 | BF201 | BF206,Bandafix netverband 25 meter maat 4 bovenbeen schouder
Foleykatheter van silicone Nelaton,5,643016 | 643018 | 643020 | 643022 | 643024,Foleykatheter van silicone Nelaton 30ml CH 16
Silicone Foley Katheter  3-Weg,5,644018 | 644022 | 644020 | 644024 | 644016,Silicone Foley Katheter  3-Weg 30ml Nelaton CH18
Vicryl hechtdraad 0,5,J318H | J324H | VCP626E | VCP636E | V646E,Vicryl hechtdraad 0 70cm SH-plus
Vicryl hechtdraad 3-0,5,V311H | J316H | V423H | V316H | VCP624E,Vicryl hechtdraad 3-0 70cm SH-1 plus naald violet
Alkotip alcoholreinigingsdoekje huid,5,G6 04 | G6 0100-E | G6 03 | G6 0202 | G6 02,Alkotip alcoholreinigingsdoekje huid 90 x 110 mm 4 laags
Absorberend verband,5,ABD1010 | 485-501 | 485-051 | 485-052 | 485-053,Absorberend verband 10 x 10 cm
Onderzoeksbankpapier,5,184 | 181 | 180 | 185 | 1881,Onderzoeksbankpapier 59 cm x 80 m 2 laags
Peha gaaszwachtel 4 m x,5,304042 | 304043 | 304044 | 304040 | 304041,Peha gaaszwachtel 4 m x 8 cm
Peha gaaszwachtels 4 m x,5,304050 | 304051 | 304052 | 304054 | 304053,Peha gaaszwachtels 4 m x 4 cm
Transparante wondfolie met kussen Hydrofilm Plus,5,685779 | 685770 | 685771 | 685773 | 685776,Transparante wondfolie met kussen Hydrofilm Plus 10 x 25 cm
Medicijn bekertjes,5,8005 | 8005GR | 8005R | 8005GE | 8005B,Medicijn bekertjes 30 ml plastic transparant zonder deksel
Idealbinde verband,5,01953-00 | 01954-00 | 01955-00 | 01956-00 | 01957-00,Idealbinde verband 4 cm x 5 m zonder cellofaan
Fixatiewindsel elastisch Elastomull 4 m x,5,02094-00 | 02095-00 | 02096-00 | 02097-00 | 02098-00,Fixatiewindsel elastisch Elastomull 4 m x 4 cm met cellofaan
"Gipsverbanden Safix plus 2,7 m x",5,332731 | 332732 | 332733 | 332734 | 332735,"Gipsverbanden Safix plus 2,7 m x 8 cm"
Stockinette ribbed 25 m x,5,4213-006 | 4213-007 | 4213-008 | 4213-004 | 4213-003,Stockinette ribbed 25 m x 15 cm
Pütter-Haftcohesieve zwachtel met korte rek,5,931840 | 931841 | 931842 | 931843 | 931845,Pütter-Haftcohesieve zwachtel met korte rek 6 cm x 5 meter
Endo-breezer endotrachealtube met ballon,5,10740 | 10745 | 10760 | 10770 | 10780,Endo-breezer endotrachealtube met ballon CH16
Beenzak 3C,5,690735 | 690740 | 690745 | 691755 | 691760,Beenzak 3C 500 ml 65cm kruisventiel steriel
Maielast-glatt elastich fixatiewindsel,5,MAI-00061040 | MAI-00061050 | MAI-00061010 | MAI-00061020 | MAI-00061030,Maielast-glatt elastich fixatiewindsel 10cm x 4m
Injectiespuit,5,0506 | 040800 | 040100 | 040200 | SY3-3SC-2138-EC,Injectiespuit 50 ml Luer Lock Mediware
Instrumentendoos,5,B000764.18 | B000765.18 | B000763.17 | B000768.32 | B000766.25,Instrumentendoos 18 x 8 x 2 cm Rvs
Siliconen Foley Katheter Tiemann,5,653012 | 653014 | 653016 | 653018 | 653020,Siliconen Foley Katheter Tiemann CH 12
Rectale Katheter,5,680425 | 680422 | 680418 | 680428 | 680430,Rectale Katheter CH25x40cm
Elastische zwachtel Peha-Fix 4 m x,5,303078 | 303079 | 303075 | 303076 | 303077,Elastische zwachtel Peha-Fix 4 m x 10 cm
Dust Cover,5,MDS100815 | MDS100825 | MDS100835 | MDS100830 | MDS100840,Dust Cover 20x30cm
Biogel PI Micro chirurgische handschoenen,5,MOL-48555 | MOL-48560 | MOL-48565 | MOL-48590 | MOL-48585,"Biogel PI Micro chirurgische handschoenen maat 5,5"
T.E.D.™ Anti-embolie kousen open teen knielengte &gt;,5,7339 | 7473LF | 7594 | 7471LF | 7480,T.E.D.™ Anti-embolie kousen open teen knielengte &gt; 41 cm maat B
Intermitterende Katheter Nelaton Vrouw,4,680312 | 680314 | 680316 | 680310,Intermitterende Katheter Nelaton Vrouw CH12
Vicryl 2-0,4,V635H | V602H | J312H | J317H,Vicryl 2-0 3 x 45 cm violet
Elastisch fixatiewindsel,4,412-011 | 412-002 | 412-014 | 412-012,Elastisch fixatiewindsel 4 x 5
Injectienaald Chirana 21G,4,CH21058 | CH21100 | CH21112 | CH21200,Injectienaald Chirana 21G 0.8 x 16 mm
Portex endotracheale tube met Murphy Eye met cuff,4,100/150/060 | 100/150/080 | 100/150/070 | 100/150,Portex endotracheale tube met Murphy Eye met cuff
Mepilex AG Border schuimverband,4,395800 | 395700 | 395900 | 395600,Mepilex AG Border schuimverband 10 x 20 cm
Ethilon hechtdraad 4-0,4,1162H | 1629H | EH1744H | ETH-EH7822BH,Ethilon hechtdraad 4-0 45cm FS-3 naald 16mm zwart
Schuimverband hydrofiel PermaFoam border,4,882009 | 882008 | 882007 | 882006,Schuimverband hydrofiel PermaFoam border 16.5 x 18 cm
Gipsverbanden Safix plus 20 m x,4,332792 | 332790 | 332791 | 332793,Gipsverbanden Safix plus 20 m x 15 cm
Afdeklaken zelfklevend met venster Foliodrape Protect,4,277509 | 277510 | 277537 | 277517,Afdeklaken zelfklevend met venster Foliodrape Protect 45x75 cm met variabel gat
L&amp;R Vliwasoft non woven gaaskompress,4,12075 | 12081 | 12064 | 12068,L&amp;R Vliwasoft non woven gaaskompress 5 x 5 cm
L&amp;R Mollelast elast. fixeerverband,4,14411 | 14412 | 14413 | 14410,L&amp;R Mollelast elast. fixeerverband 4x6
Wasbare onderlegger MoliCare Premium Bed Mat Textile 7 drops,4,155010 | 155011 | 155012 | 155013,Wasbare onderlegger MoliCare Premium Bed Mat Textile 7 drops 85 x 90 cm
L&amp;R Gazin gaaskompres,4,18500 | 18507 | 18506 | 18501,L&amp;R Gazin gaaskompres 5 x 5 cm 8 laags
Molnlycke Mepitel Film,4,296670 | 296470 | 296270 | 296170,Molnlycke Mepitel Film 15 x 20 cm
S&amp;N Primapore,4,66000317 | 66000318 | 66000319 | 66007135,S&amp;N Primapore 10 x 8 cm
S&amp;N Opsite Post-Op,4,66000714 | 66000708 | 66000709 | 66000712,S&amp;N Opsite Post-Op 25 x 10 cm
Cutimed Sorbact absorberend verband,4,72164-01 | 72165-01 | 72161-01 | 72162-01,Cutimed Sorbact absorberend verband 4 x 6 cm
Noba absorberend verband,4,740111 | 840012 | 840013 | 740112,Noba absorberend verband 10 x 10 cm
Schuimverband hydrofiel PermaFoam Classic,4,882000 | 882001 | 882002 | 882003,Schuimverband hydrofiel PermaFoam Classic 10 x 10 cm
Huishoudschaar,4,B000482.16 | B000483.18 | L600280.18 | L600270.16,Huishoudschaar 16 cm rvs
Spencer onthechtingsschaar,4,B001410.09 | B001410.12 | B001410.14 | L600510.11,Spencer onthechtingsschaar 9 cm Rvs
Nagelschaar,4,L600450.10 | L600460.10 | B001080.10 | B001079.10,Nagelschaar 10 cm recht rvs Linkshandig
Olsen-Hegar naaldvoerder,4,L600470.14 | L600480.16 | B001116.14 | B001116.17,Olsen-Hegar naaldvoerder 14 cm rvs Linkshandig
Vicryl hechtdraad 3-0 FS-2 naald,4,V2930H | V393H | VR2298 | VCP293H,Vicryl hechtdraad 3-0 FS-2 naald 45 cm
Maielast-glatt LUX elastich fixatiewindsel,4,MAI-00061041 | MAI-00061011 | MAI-00061021 | MAI-00061031,Maielast-glatt LUX elastich fixatiewindsel 10cm x 4 m in cellofaan
MaiMed-hydrofiel gaaskompressen,4,MAI-00021020 | MAI-00025091 | MAI-00021060 | MAI-00021090,MaiMed-hydrofiel gaaskompressen 5x5cm 12 laags
"Discofix C-3 Blue driewegkraan,",4,16560C | 16520C | 16551C | 16500C,"Discofix C-3 Blue driewegkraan, 100cm tube - 16560C"
Fixomull stretch fixatiepleister 10 m x,4,02038-00 | 02039-00 | 79992-00 | 79992-02,Fixomull stretch fixatiepleister 10 m x 15 cm
Idealbinde verband  5 m x,4,01984-00 | 01985-00 | 01986-00 | 01987-00,Idealbinde verband  5 m x  6 cm met cellofaan
Nobahaft fixatiezwachtel,4,465006 | 465008 | 465010 | 465012,Nobahaft fixatiezwachtel 6cm x 4m
KAI huid curetten,4,MK404 | MK407 | MK403 | MK405,KAI huid curetten 4 mm
L&amp;R Rosidal® K Korte-rekzwachtel 5 m x,4,22200 | 22201 | 22202 | 22251,L&amp;R Rosidal® K Korte-rekzwachtel 5 m x 6 cm
Mayo-Hegar naaldvoerder,4,B000953.18 | B000953.16 | B000953.14 | L600367.16,Mayo-Hegar naaldvoerder 18 cm Rvs
Tricot windsel 4 m x,4,14801 | 14802 | 14805 | 14804,Tricot windsel 4 m x 8 cm katoen ongebleekt 0% rek per stuk in plastic verpakt
Injectienaald AGANI 21 G x,4,AN2138R1 | AN2116R1 | AN2125R1 | AN2150R1,Injectienaald AGANI 21 G x 38 mm
Intermitterende Katheter Tiemann,4,670214 | 670212 | 670216 | 670218,Intermitterende Katheter Tiemann CH14x40cm
Chirana injectiespuit 2 delig,4,CH005L | CH002L | CH020L | CH010L,Chirana injectiespuit 2 delig 5 ml
"BBraun Redon drainage tube,",4,U2110800 | U2111000 | U2111200 | U2111400,"BBraun Redon drainage tube, 50cm, CH8"
Gazin gaaskompressen steriel 8 laags,4,13620 | 13622 | 13613 | 13621,Gazin gaaskompressen steriel 8 laags 5 x 5 cm 50 x 2 stuks
Mepore Film eilandpleister,4,MOL-270670 | MOL-271500 | MOL-271570 | MOL-270600,Mepore Film eilandpleister 6 x 7 cm
Injectienaald AGANI 19 G x,4,AN1925R1 | AN1938R1 | AN1938S1 | AN1950R1,Injectienaald AGANI 19 G x 25 mm beige
Biatain Ag niet klevend schuimverband,4,COl-35105 | COL-39622 | COL-39623 | COL-39625,Biatain Ag niet klevend schuimverband 5 cm x 7 cm
Naaldhouder Halsey,4,A025140.13 | A025144.13 | A025130.13 | A025134.13,Naaldhouder Halsey 13 cm
Medoject Fine Pen naald 31 G x,4,CHPN3104 | CHPN3105 | CHPN3106 | CHPN3108,Medoject Fine Pen naald 31 G x 4 mm
T.E.D.™ Anti-embolie kousen open teen knielengte &lt;,4,7470LF | 7472LF | 7802 | 7604,T.E.D.™ Anti-embolie kousen open teen knielengte &lt; 46 cm maat J
Intersurgical eendelige guedel,4,1113090 | 1111570 | 1114100 | 1112080,Intersurgical eendelige guedel maat 3
Intersurgical anesthesie masker zonder haakring,4,1515111 | 1516111 | 1514111 | 1517111,Intersurgical anesthesie masker zonder haakring maat 4
Opsite Flexigrid wondfolie,3,4629 | 4631 | 4630,Opsite Flexigrid wondfolie 12 x 10 cm
Opsite Flexifix wondfolie,3,66000375 | 66030569 | 66800021,Opsite Flexifix wondfolie 15 cm x 10 meter
Intrasite gel hydrogel,3,7308 | 7311 | 7313,Intrasite gel hydrogel 8 gram
Vicryl Rapide 4-0,3,V2180G | V2140H | V2920G,Vicryl Rapide 4-0 70 cm ongekleurd SH-1 plus
Vicryl 3-0,3,V416H | V219H | V305H,Vicryl 3-0 70 cm ongekleurd SH plus
Vicryl Plus 3-0,3,VCP9781H | VCP634H | VCP322H,Vicryl Plus 3-0 6 x 45 cm ongekleurd
Vicryl 2,3,V238H | V618H | V755G,Vicryl 2 90cm violet MO-6
Vicryl 1,3,V341H | J325H | J237H,Vicryl 1 70cm violet CT-1 plus
Vicryl Plus 1,3,VCP347H | VCP371H | VCP736G,Vicryl Plus 1 90cm violet CT-1
Vicryl Plus 2-0,3,VCP466H | VCP602H | VCP243H,Vicryl Plus 2-0 70cm violet CP-1
Mesoft gaaskompressen non woven,3,157300 | 156340 | 156040,Mesoft gaaskompressen non woven 10 x 10 4 laags
Mepilex Border Flex schuimverband,3,595000 | 595277 | 595850,"Mepilex Border Flex schuimverband 12,5 x 12,5 cm"
Welch Allyn Tycos Harvey Elite stethoscoop,3,5079-270 | 5079-271 | 5079-125,Welch Allyn Tycos Harvey Elite stethoscoop 71cm burgundy
Urinedrain Sys UROSID 2000,3,690210 | 690092 | 690092-N,Urinedrain Sys UROSID 2000 120cm horizontaal
PDS II hechtdraad 4-0,3,Z442E | Z282H | Z422E,PDS II hechtdraad 4-0 70cm FS-2S naald
Medline Zuigbuis Yankauer,3,Y1200 | Y1800 | Y1201,Medline Zuigbuis Yankauer CH12 Fijne tip
Cutimed Sorbact absorberend wondverband,3,72163-00 | 72161-16 | 72165-14,Cutimed Sorbact absorberend wondverband 10 x 20 cm
Schuimverband hydrofiel PermaFoam Classic Sacral,3,882012 | 882011 | 882005,Schuimverband hydrofiel PermaFoam Classic Sacral 22.5 x 22.5 cm
Sterilisatiezak,3,A1 | A4 | B3,Sterilisatiezak 100 x 250 mm
Afdeklaken met venster Foliodrape Protect,3,277503 | 277511 | 277549,Afdeklaken met venster Foliodrape Protect 45x75 cm 2 laags Ø 7 cm
Ideaalzwachtels Idealbinden,3,931013 | 931011 | 931014,Ideaalzwachtels Idealbinden 8 cm x 5 m
"Optiplaste-E 2,5 m x",3,02681-00 | 02682-00 | 02680-00,"Optiplaste-E 2,5 m x 8 cm"
Mikrozid AF desinfectiedoekjes,3,109203 | 109144 | 109157,Mikrozid AF desinfectiedoekjes
Schulke Desderman Pure,3,70001092 | 70001090 | 70001087,Schulke Desderman Pure 100 ml handdesinfectant
L&amp;R Metalline,3,23083 | 23084 | 23087,L&amp;R Metalline 10 x 8 wondkompres
MaiMed gaascompres,3,MAI-00025019 | MAI-00025111 | 28091,MaiMed gaascompres 10 x 10 cm 8 laags
Stockinette ribbed,3,4213-001 | 4213-009 | 4213-005,Stockinette ribbed 3 x 25
S&amp;N Cutiplast eilandpleister,3,SMI-66076826 | 66001474 | 66001478,S&amp;N Cutiplast eilandpleister 10 x 8 cm
Latex Foleykatheter Kinderen,3,661006 | 661008 | 661010,Latex Foleykatheter Kinderen CH 06
Molnlycke Mepore,3,671000 | 671200 | 670800,Molnlycke Mepore 9 x 15 cm
Mepore chirurgisch pleister,3,671100 | 671300 | 671400,Mepore chirurgisch pleister 9x20cm
HACCP Non-woven sopdoeken food,3,7763 | 7764 | 7762,HACCP Non-woven sopdoeken food 45 x 50 cm geel
Leukoplast Elastic wondpleister 5 meter x,3,79298-04 | 79298-05 | 79298-03,Leukoplast Elastic wondpleister 5 meter x 6 cm
Prolene hechtdraad 6-0,3,8660H | 8707H | 8695H,Prolene hechtdraad 6-0 45 cm blauw FS-3 naald
Medline OK jas maat L,3,9506CEA | 9507CEA | OP9506CEA,Medline OK jas maat L 130 cm
Hartmann Sterillium Med,3,9811141 | 9811841 | 9811833,Hartmann Sterillium Med 1000 ml
Sterillium Gel Pure,3,9814180 | 9814510 | 9813153,Sterillium Gel Pure 475 ml handdesinfectie met handpomp
Injectienaald AGANI 23 G x,3,AN2325R1 | AN2332R1 | AN2316R1,Injectienaald AGANI 23 G x 25 mm
Nierbekkens,3,B001105.25 | B001106.25 | B001106.20,Nierbekkens 22 cm kunststof
Minta disposabel RF electrode,3,GABI100L | GABI150L | GABI50L,Minta disposabel RF electrode 100 mm
Olsen-Hegar naaldvoerder WIDIA verharde bek,3,L600481.16 | B001117.17 | B001117.14,Olsen-Hegar naaldvoerder WIDIA verharde bek 16 cm rvs Linkshandig
Blade-electrode,3,MN01-FG001401 | SP200-B100S | WN01-FG003001,Blade-electrode 7cm PTFE coating Isolatie
Guedel tube,3,S1 | S00 | 86001000,Guedel tube 70 mm wit
Swann Morton mesjes nr. 20,3,SM0106 | SM0206 | SM1106,Swann Morton mesjes nr. 20
Swann Morton mesjes nr. 23,3,SM0110 | SM0210 | SM1110,Swann Morton mesjes nr. 23
Swann Morton mesjes nr. 10,3,SM0201 | SM0101 | SM1101,Swann Morton mesjes nr. 10
Swann Morton mesjes nr. 11,3,SM0203 | SM0103 | SM1103,Swann Morton mesjes nr. 11
Swann Morton mesjes nr. 15,3,SM0205 | SM0105 | SM1105,Swann Morton mesjes nr. 15
Sol-Care Safety needle,3,SN1815 | SN2115 | SN2558,Sol-Care Safety needle 18G x 40 mm
Diathermie electrode naald,3,TCE05 | TCE02 | TCE04,Diathermie electrode naald 160 mm Blayco AB-90
Vicryl Plus hechtdraad 3-0,3,VCP242 | VCP242H | VCP393H,Vicryl Plus hechtdraad 3-0 90 cm violet SH Plus naald
Bankpapier,3,78310 | 78320 | 78300,Bankpapier 50cmx50 meter
Beenzakje 3C,3,690760 | 692735 | 692755,Beenzakje 3C 500 ml 50 cm klepklep steriel
Naaldencontainer Servobox,3,115 | I9 0120T | 0105,Naaldencontainer Servobox 1500 ml
Injectiespuit Emerald,3,307738 | 307732 | 307737,Injectiespuit Emerald 10 ml luer met naald 22G x 30 mm
Cutimed Protect swab,3,72654-01 | 72654-00 | 72654-02,Cutimed Protect swab 1 ml
Fixomull transparant fixatiepleister,3,72216-00 | 72216-02 | 72217-00,Fixomull transparant fixatiepleister 5 cm x 10 m
"Optiplaste-C 4,5 m x",3,47186-00 | 47187-00 | 47188-00,"Optiplaste-C 4,5 m x 6 cm"
"Optiplaste-E 4,5 m x",3,02642-00 | 02647-00 | 02619-00,"Optiplaste-E 4,5 m x 8 cm"
Vicryl Rapide hechtdraad 4-0,3,V2920H | V4940H | ETH-MPVR4260H,Vicryl Rapide hechtdraad 4-0 45 cm ongekleurd FS-2S naald
Transparant hydrofiel schuimverband Hydrotac,3,685905 | 685928 | 685906,"Transparant hydrofiel schuimverband Hydrotac 5 x 7,5 cm"
Molnlycke Mepitel,3,290700 | 290500 | 291000,Molnlycke Mepitel  8 x10 cm
Minta intermediate kabel NeuroTherm,3,GABINS | MAXN | MAXNT,Minta intermediate kabel NeuroTherm
Minta reusabel RF electrode,3,RYAN100 | RYAN150 | RYAN50,Minta reusabel RF electrode 100 mm
"Optiplaste-C 2,5 m x",3,02506-00 | 02508-00 | 02510-00,"Optiplaste-C 2,5 m x 6 cm"
"Intra Microseld 1,0 mm x",3,302.113 | 302.063 | 302.083,"Intra Microseld 1,0 mm x 11 cm"
"Intra Microseld 1,3 mm x",3,302.084 | 302.204 | 302.114,"Intra Microseld 1,3 mm x 8 cm"
Mayo-Hegar naaldvoerder WIDIA verharde bek,3,B000956.16 | B000956.14 | B000956.18,Mayo-Hegar naaldvoerder WIDIA verharde bek 16 cm Rvs
Martin ringzaagtang diameter zaagje,3,A034176.00 | B000935.17 | B000933.16,Martin ringzaagtang diameter zaagje 3 cm / 17c m tbv Titanium etc A kwaliteit
Martin extra zaagje diameter,3,A034176.01 | B000936.03 | B000934.02,Martin extra zaagje diameter 3 cm tbv Titanium etc A kwaliteit
Catheterzak 2Ltr,3,690212-N | 690220 | 690620,Catheterzak 2Ltr 90 cm zonder naald
MaiMed-Pad absorberend verband,3,MAI-00021340 | MAI-00021310 | MAI-00021330,MaiMed-Pad absorberend verband 20x40 cm niet steriel
MaiMed-PB polsterverband,3,MAI-00066250 | MAI-00066260 | MAI-00066270,MaiMed-PB polsterverband 6cmx3m
Hansaplast sensitive wondpleister,3,46040 | 48625 | 48682,Hansaplast sensitive wondpleister 100 x 6 cm
Onderzoeksbankpapier geperforeerd cellulose 2 laags 150 meter x,3,PLAS-P170073 | PLAS-P501137 | PLAS-P501138,Onderzoeksbankpapier geperforeerd cellulose 2 laags 150 meter x 59 cm
Onderzoeksbankpapier geperforeerd cellulose 2 laags 100 meter x,3,PLAS-138042 | PLAS-138062 | PLAS-138052,Onderzoeksbankpapier geperforeerd cellulose 2 laags 100 meter x 40 cm
Smith and Nephew Rapid Rhino ballonkatheter met ademhalingsbuis,3,SN-RR750 | SN-RR450 | SN-RR550,Smith and Nephew Rapid Rhino ballonkatheter met ademhalingsbuis 75 mm
Medline Miscoscoophoes,3,MED-ICE5030 | MED-ICE5210 | MED-ICE5200,Medline Miscoscoophoes 117 x 305 cm 65 mm ZEISS MD
Medline ijszak,3,MED-NON4410E | MED-NON4420E | MED-NON4460E,Medline ijszak 13 x 30 cm
Mölnlycke Melgisorb Plus,3,MOL-252000 | MOL-252200 | MOL-252500,Mölnlycke Melgisorb Plus 5 x 5 cm
Truglue huidlijm,3,TRU-75005 | TRU-75006 | TRU-75007,Truglue huidlijm 5 x 0.3 ml
Veiligheidsnaald SAFETY AGANI 25 G x,3,SAN2516R1 | SAN2525R1 | SAN2538R1,Veiligheidsnaald SAFETY AGANI 25 G x 16 mm oranje
Terumo spuit met naald Tuberculin,3,MDSS01S2516E | MDSS01S2613E | MDSS01S2713E,Terumo spuit met naald Tuberculin 1 ml 25 G x 16 mm
Biatain schuimverband zelf klevend,3,COL-3420 | COL-3423 | COL-3462,"Biatain schuimverband zelf klevend 12,5 x 12,5 cm"
Terumo dentale naald 30 G x,3,TER-DNM3013B | TER-DNM3016B | TER-DNM3021B,Terumo dentale naald 30 G x 13 mm
Medline Camerahoes,3,MED-ICE4240 | MED-ICE4100 | MED-ICE4245,Medline Camerahoes 13 x 240 telescopisch
Medline,3,MEDL-ICE4400R | MEDL-ICE4400 | 60022624,Medline 188 x 104cm 3 zelfklebvende bandjes 2 elastische bandjes
Hartmann Foliodrape afdekmateriaal met plakstrip,3,HAR-936277 | HAR-936275 | HAR-938812,Hartmann Foliodrape afdekmateriaal met plakstrip 45 x 75 cm
Stereinox Self-Sealing sterilisatiezakje,3,SSP43X76MM | SSP57X79MM | SSP130X254MM,Stereinox Self-Sealing sterilisatiezakje 43 x 76 mm
Onderlegger MoliCare® Premium Bed Mat 5 drops,3,161061 | 161063 | 161065,Onderlegger MoliCare® Premium Bed Mat 5 drops 40 x 60
Mesoram mesotherapie naald 30 G x,3,710306 | 710303 | 710307,Mesoram mesotherapie naald 30 G x 13 mm
Medoject Fine Pen naald 32 G x,3,CHPN3204 | CHPN3205 | CHPN3206,Medoject Fine Pen naald 32 G x 4 mm
Medoject safety pen naald 31 G x,3,531313 | 531413 | 531513,Medoject safety pen naald 31 G x 5 mm
IV catheter BD insyte-W,3,381312 | 381337 | 381347,"IV catheter BD insyte-W 24G (0,7 x 19mm) geel Winged 1st"
Suture strip plus hechtstrip,3,TP-1103 | TP-1101 | TP-1105,Suture strip plus hechtstrip 6mmx76mm per 50x3st. per doosje
Zarys Foley catheter 100 % silicone,3,CFNL-2D-12-10-P | CFNL-2D-14-10-P | CFNL-2D-16-10-P,Zarys Foley catheter 100 % silicone CH12 - 10 ml 2 weg 40 cm
Medline steriele bakjes,2,KER70051B | KER70051A,Medline steriele bakjes 500 ml wit
Opsite IV 3000 transparant filmverband,2,4007 | 4008,Opsite IV 3000 transparant filmverband 6 x 7 cm
Aquacel Surgical hydro-actief verband,2,412019 | 420669,Aquacel Surgical hydro-actief verband 9 x 25 cm
Aquacel Foam schuimverband adhesief,2,420619 | 420804,"Aquacel Foam schuimverband adhesief 12,5 x 12,5 cm"
Idealbinde® ideaalwindsel 5 m x,2,14103 | 14105,Idealbinde® ideaalwindsel 5 m x 10 cm met verbandhaakjes per stuk verpakt 90% re
C-Booghoes (voor Mini C-arm),2,8888M | 8888MEU,C-Booghoes (voor Mini C-arm)
Probecovers ultrasound,2,1320 | H5 1280,Probecovers ultrasound 32mm latex
Ethilon 6-0,2,697H | 1698H,Ethilon 6-0 45 cm zwart P-1 Prime
Prolene 3-0,2,8522H | EH7694H,Prolene 3-0 90 cm blauw 2x SH
Prolene 4-0,2,8557H | 8962H,Prolene 4-0 90 cm blauw 2x RB-1
Vicryl 0,2,V340H | V603H,Vicryl 0 70cm violet CT-1+
Vicryl Plus 0,2,VCP334H | 4PN2545YG,Vicryl Plus 0 70cm violet CT-2
Vicryl Plus 2,2,VCP367H | VCP737G,Vicryl Plus 2 90cm ongekleurd CTX
Siliconen Foley Katheter  Kinderen,2,641010 | 641008,Siliconen Foley Katheter  Kinderen CH10 x 31cm
Chemolan contactgel,2,80401 | 80415,Chemolan contactgel 500 ml
Chemotherm massageolie,2,80201 | 80215,Chemotherm massageolie 500 ml
Chemodol masssageolie,2,80101 | 85000,Chemodol masssageolie 500 ml
Chemodis Amandelolie,2,82005 | 82250,Chemodis Amandelolie 5000 ml
Steriele Grote Diameter Slang,2,TUB106 | TUB1010,Steriele Grote Diameter Slang 10 mm x 2 meter
Injectienaald Chirana 25G,2,CH25058 | CH25100,Injectienaald Chirana 25G 0.5 x 16 mm
Bastos non woven gaaskompres,2,439-063 | 439-060,Bastos non woven gaaskompres 10 x 10 cm
3M Aura Ademhalingsmaskers FFP3 zonder ventiel,2,1863MD | 3M-1863MD,3M Aura Ademhalingsmaskers FFP3 zonder ventiel
Mepilex Border Ag schuimverband met kleefrand zilver,2,395400 | 395200,Mepilex Border Ag schuimverband met kleefrand zilver 15 x 15 cm
Urinedrainagesysteem UROSID 2000,2,690090 | 690090-N,Urinedrainagesysteem UROSID 2000 90cm
Blayco Electrode Non-Stick coated needle,2,TCET2 | TCET3,Blayco Electrode Non-Stick coated needle 70mm ABT-60
Klinifix Cohesive elastisch fixatiewindsel 4 m x,2,132379 | 132380,Klinifix Cohesive elastisch fixatiewindsel 4 m x 6 cm
Klinifix non elastic bandage fixatiewindsel 4 m x,2,40132281 | 40132282,Klinifix non elastic bandage fixatiewindsel 4 m x 4 cm
Chemodis warmtebalsem hot,2,81301 | 81621,Chemodis warmtebalsem hot 150 ml
PDS II hechtdraad 2-0,2,Z443E | Z317H,PDS II hechtdraad 2-0 70cm FS-1 naald
PDS II hechtdraad 5-0,2,Z493E | J493H,PDS II hechtdraad 5-0 45cm P-3 Prime
Vicryl hechtdraad 4-0,2,V663H | W9437,Vicryl hechtdraad 4-0 3x45cm non needled violet
Clinhand schort,2,5.003.433 | 5.003.431,Clinhand schort 140 x 75 cm
Duoderm extra dun hydrocolloid wondverband,2,187951 | 187959,Duoderm extra dun hydrocolloid wondverband 7.5x7.5cm
Hudson zuurstofmasker high concentration,2,41007 | 41007S,Hudson zuurstofmasker high concentration
Rectaalkatheter,2,150625 | 150628,Rectaalkatheter CH 25 40 cm
Omnifix injectiespuit,2,4617022V | 4617053V,Omnifix injectiespuit 3 ml LL
Pincet chirurgisch Adson disposable,2,991062 | 991074,Pincet chirurgisch Adson disposable 12 cm
Cutimed Sorbact gaasstrook,2,72166-00 | 72167-00,Cutimed Sorbact gaasstrook 2 x 50 cm
Elma Clean 55 D onsteriel,2,8000066 | 8000875,Elma Clean 55 D onsteriel
Handdoekjes z-vouw cellulose 2 laags,2,216 | 2011,Handdoekjes z-vouw cellulose 2 laags 22 x 25 cm 15 x 215 vel
Hydrofiel schuimverband HydroTac rond Ø,2,685848 | 685849,Hydrofiel schuimverband HydroTac rond Ø 6 cm
Gaasstroken Tamponadezwachtels 5 m x,2,370800 | 370801,Gaasstroken Tamponadezwachtels 5 m x 1 cm
Oogkompres Eycopad,2,417540 | 415540,Oogkompres Eycopad 70 x 85 mm
Gaaskompres Medicomp Drain,2,421533 | 421535,"Gaaskompres Medicomp Drain 7,5 x 7,5 cm"
Dermaplast ACTIVE HOT/COLD,2,522022 | 522023,Dermaplast ACTIVE HOT/COLD 13 x 14 cm
DermaPlast Soft wondpleister,2,535341 | 535342,DermaPlast Soft wondpleister 6 x 10 cm
Molnlycke Mefix fixatieverb.,2,311070 | 311000,"Molnlycke Mefix fixatieverb. 10 cm x 2,5"
Handdoekjes Z-vouw naturel 1 laags,2,211N | 211,Handdoekjes Z-vouw naturel 1 laags 23 x 25 cm 20 x 250 vellen in doos
Ophardt wanddispenser aluminium,2,ELS26 A/25 | 289.1046,Ophardt wanddispenser aluminium 500 ml met lange hendel
Omron bloeddrukmeter bovenarm,2,HBP-1120-E | HBP-1320-E,Omron bloeddrukmeter bovenarm
Blayco Electrode Non-Stick coated blade,2,TCET4 | TCET5,Blayco Electrode Non-Stick coated blade 70mm ABT-80
Verbandwatten zak,2,110123 | 110129,Verbandwatten zak 100 gram
Stockinette Foliodrape,2,258980 | 258982,Stockinette Foliodrape 35 x 120 cm
HydroTac Comfort Sacral hydrofiel schuimverband,2,685828 | 685827,HydroTac Comfort Sacral hydrofiel schuimverband 22 x 22 cm
Hartmann Medicomp gaaskompres,2,421825 | 421821,Hartmann Medicomp gaaskompres 10 x 10 cm 4 laags
Fixatiezwachtel zelfhechtend Peha-Haft rood,2,932460 | 932462,Fixatiezwachtel zelfhechtend Peha-Haft rood 6 cm x 20 m
CoaguChek XS PT teststrips,2,04625315003 | 4625358016,CoaguChek XS PT teststrips
SOL-M blunt optreknaald,2,110022 | 110022F,SOL-M blunt optreknaald 18G x 40 mm zonder filter
zuurstofbril Hudson volwassenen,2,1104P | 1103P,zuurstofbril Hudson volwassenen
Klinipress HG gaascompress,2,111082 | 111098,Klinipress HG gaascompress 10 x 10 cm 8 laags 100 x 1 stuk
Klinigrip Cohesive,2,132401 | 132402,"Klinigrip Cohesive 6 cm x 4,5 meter"
Cervix borstel Celltip,2,1400-S | 1300,Cervix borstel Celltip 20 cm flexibel
Veiligheidsbril 568 krasvast polycarbon,2,155440 | 28-003,Veiligheidsbril 568 krasvast polycarbon
Onderlegger MoliCare Bed Mat Eco 5 drops,2,159001 | 159002,Onderlegger MoliCare Bed Mat Eco 5 drops 40 x 60 cm
Onderlegger MoliCare Bed Mat Eco 9 drops,2,159006 | 159005,Onderlegger MoliCare Bed Mat Eco 9 drops 60 x 90 cm
Onderlegger MoliCare Premium Bed Mat 7 drops,2,161070 | 161066,Onderlegger MoliCare Premium Bed Mat 7 drops 60 x 90 cm
Onderlegger MoliCare Premium Bed Mat 8 drops,2,161087 | 161088,Onderlegger MoliCare Premium Bed Mat 8 drops 60 x 60 cm
Patientenservetten blauw,2,173303 | 173301,Patientenservetten blauw 33 x 45 2 laags
Mediware sterilisatie tape,2,201-tape | 202-tape,Mediware sterilisatie tape 19 mm x 50mtr zonder stoom indicator
Handdoekjes interfold cellulose 3 lgs,2,220 | 221,Handdoekjes interfold cellulose 3 lgs 32 x 22 cm 20 x 125 vel
Hemocue analyser HB 201,2,232705 | 121705,Hemocue analyser HB 201
Mesotherapy Luer naald 32 G,2,23676 | 23677,"Mesotherapy Luer naald 32 G 0,23 x 4 mm - roze"
Afdeklaken Foliodrape,2,277506 | 277548,Afdeklaken Foliodrape 90 x 150 cm 2 laags
Afdeklaken zelfklevend Foliodrape,2,277507 | 277508,Afdeklaken zelfklevend Foliodrape 45x75 cm 2 laags
Molnlycke Mepilex Border Lite,2,281300 | 581060,Molnlycke Mepilex Border Lite 10 cm x 10 cm
Mepilex Lite schuimverband,2,284177 | 284377,Mepilex Lite schuimverband 10 x 10
Mepitel one siliconen wondcontactlaag,2,289400 | 289200,Mepitel one siliconen wondcontactlaag 12 x 15 cm
Klinion Kliniplast border eilandpleister,2,294201 | 40514200,Klinion Kliniplast border eilandpleister 8 x 10 cm
BD Emerald injectiespuit,2,303140 | 303221,BD Emerald injectiespuit 10 ml met blunt naald 18 G x 40 mm
L&amp;R Curaplast® sensitive Wondsnelverband 5 mtr x,2,30617 | 30616,L&amp;R Curaplast® sensitive Wondsnelverband 5 mtr x 6 cm
L&amp;R Curaplast pleister,2,30625 | 30631,L&amp;R Curaplast pleister 2 x 4cm
Cavilon barrierefilm swabs,2,3343E | 3343P,Cavilon barrierefilm swabs 1 ml
Nexiva gesloten IV kathetersysteem 22 G blauw,2,383662 | 383642,Nexiva gesloten IV kathetersysteem 22 G blauw
Toiletpapier cellulose 2 laags 200 vel,2,423 | PLAS-P50629,Toiletpapier cellulose 2 laags 200 vel
"Leukotape classic sporttape 10 m x 3,75 cm",2,47109-00 | 01701-00,"Leukotape classic sporttape 10 m x 3,75 cm"
"Intra Pneumocath 2,7 mm x",2,503.001 | 503.002,"Intra Pneumocath 2,7 mm x 50 cm"
Hartmann Dermaplast classic,2,535051 | 535061,Hartmann Dermaplast classic 4 cm 5mtr
Nobapad synthetische wattenrol zonder folie 3m x,2,600804 | 600806,Nobapad synthetische wattenrol zonder folie 3m x 4cm
Nobapad wattenverband,2,600810 | 600815,Nobapad wattenverband 10cm x 3m
HydroClean advance cavity interactieve wondkussen,2,609162 | 609168,HydroClean advance cavity interactieve wondkussen 4 cm rond
S&amp;N Opsite flexifix,2,66000040 | 66000041,S&amp;N Opsite flexifix 5 cm x 10 m
Ethilon hechtdraad 3-0 FS-1 naald,2,663H | 669H,Ethilon hechtdraad 3-0 FS-1 naald 45 cm
Orion Quikread GO controlevloeistof CRP,2,68296 | 153764,Orion Quikread GO controlevloeistof CRP 1 ml
Urosid20 Urinezak 2l,2,690120 | 690120-H,Urosid20 Urinezak 2l 120 cm Steriel
Afvalzak LDPE T60my,2,7010060 | 8011060,Afvalzak LDPE T60my 70 x 100 cm blauw 20 zakken
Freestyle Lite,2,70812 | 7861801,Freestyle Lite
Leukoplast compress non woven,2,71287-00 | 71287-03,Leukoplast compress non woven 5 x 5 cm 4 laags
Leukosan hechtstrips,2,72740-00 | 72629-02,Leukosan hechtstrips 6 x 38 mm
Leukoplast Universal Strips,2,76461-01 | 76461-00,Leukoplast Universal Strips 19 x 72 mm
Chemovine massageolie,2,80301 | 80315,Chemovine massageolie 500 ml
Baselin massagemelk,2,80901 | 80915,Baselin massagemelk 500 ml
Bloedlancetten Monoclix,2,825 | 85021,Bloedlancetten Monoclix
Olivine massageolie,2,82601 | 82615,Olivine massageolie 500 ml
Voldyne 4000 Spirometer,2,8884719016 | 4719016CE,Voldyne 4000 Spirometer
Hydrocolloïd verband Hydrocoll Thin,2,900758 | 900760,Hydrocolloïd verband Hydrocoll Thin 10 x 10 cm
Medi-Test Nitrit urine test strips,2,93006 | 93029,Medi-Test Nitrit urine test strips
Medi-Test Combi 3 A urine test strips,2,93007 | 93030,Medi-Test Combi 3 A urine test strips
Medi-Test Combi 5 urine test strips,2,93009 | 93032,Medi-Test Combi 5 urine test strips
Medi-Test Combi 9 urine test strips,2,930879 | 93023,Medi-Test Combi 9 urine test strips
Hartmann Sterillium,2,980006 | 9800081,Hartmann Sterillium 1000 ml
Hartmann Cutasept F spray,2,980364 | 980365,Hartmann Cutasept F spray 50 ml
Sorbalgon Calciumalginaatverband,2,999589 | 999595,Sorbalgon Calciumalginaatverband 10 x 20 cm
Injectienaald AGANI 22 G x,2,AN2232R1 | AN2238R1,Injectienaald AGANI 22 G x 32 mm
Injectienaald AGANI 26 G x,2,AN2623R1 | AN2613R1,Injectienaald AGANI 26 G x 23 mm
Injectienaald AGANI 27 G x,2,AN2719R1 | AN2716R1,Injectienaald AGANI 27 G x 19 mm
Pincet Adson chirurgisch,2,B000011.12 | GS-12-2050-S,Pincet Adson chirurgisch 1x2 tanden 12 cm
Pincet anatomisch slank model,2,B000048.11 | B000048.14,Pincet anatomisch slank model 11 cm recht rvs
Desmarres chalazion pincet diameter,2,B000262.08 | B000263.08,Desmarres chalazion pincet diameter 18 mm / 8 cm Rvs
Feilchenfeld splinterpincet,2,B000316.09 | B000316.11,Feilchenfeld splinterpincet 9 cm rvs
Foerster tampontang,2,B000321.25 | B000324.25,Foerster tampontang 25 cm recht rvs
Graefe irispincet anatomisch,2,B000345.11 | B000347.11,Graefe irispincet anatomisch 11 cm recht rvs
Graefe irispincet,2,B000346.11 | B000350.11,Graefe irispincet 1x2 tanden 11 cm recht rvs
Mathieu naaldvoerder,2,B000943.17 | B000943.14,Mathieu naaldvoerder 17 cm Rvs
Mathieu naaldvoerder WIDIA verharde bek,2,B000948.14 | B000948.17,Mathieu naaldvoerder WIDIA verharde bek 14 cm Rvs
IUD paktang,2,B000950.20 | B000950.28,IUD paktang 20 cm rvs
Oorspuit 100 cc inclusief 3 aanzetten / spatschild,2,B001132.19 | B001131.19,Oorspuit 100 cc inclusief 3 aanzetten / spatschild 19 cm in luxe opbergdoos
Oorspuit 150 cc inclusief 3 aanzetten / spatschild,2,B001132.20 | B001131.20,Oorspuit 150 cc inclusief 3 aanzetten / spatschild 20 cm in luxe opbergdoos
Scalpelmeshouder,2,B001241.14 | B001240.14,Scalpelmeshouder nr 4 14 cm Rvs
Stemvork 512 Hz,2,B001439.12 | B001442.12,Stemvork 512 Hz 12 cm nikkel
Stemvork 256 Hz,2,B001439.15 | B001442.15,Stemvork 256 Hz 15 cm nikkel
Troeltsch oor / neuspincet,2,B001520.13 | B001520.15,Troeltsch oor / neuspincet 13 cm gebogen rvs
Injectienaald Chirana 26G,2,CH26058 | CH26012,Injectienaald Chirana 26G 0.45 x 16 mm
Algerbrush extra boortje 1.0mm,2,DSP42101.10/25 | DSP42101.10/05,Algerbrush extra boortje 1.0mm
Mersilene hechtdraad 4-0,2,EH7147H | R691G,Mersilene hechtdraad 4-0 45 cm groen FS-2 naald
Prolene hechtdraad 4-0,2,EH7150H | 8682H,Prolene hechtdraad 4-0 75cm FS-2 naald blauw
Ethilon hechtdraad 2-0,2,EH7826BH | ETH-EH7827H,Ethilon hechtdraad 2-0 45 cm FS-1 naald zwart
elektronische veterinaire weegschaal ADE,2,EHR4-150 | MV302600,elektronische veterinaire weegschaal ADE
Operatiemuts elastiek blauw,2,FS61950 | FS61550A,Operatiemuts elastiek blauw
Medispat tongspatels,2,G8 0101 | G8 0100,Medispat tongspatels 150 x 18 mm
Medline steriel kommetje,2,KER70046B | KER70046C,Medline steriel kommetje 120 ml
elektronische babyweegschaal ADE,2,M111600 | M112600,elektronische babyweegschaal ADE
Mersilene hechtdraad 3-0,2,R647H | EH7684H,Mersilene hechtdraad 3-0 45cm FS-1 naald wit
Swann Morton mesjes,2,SM0221 | SM0213,Swann Morton mesjes nr 15C
Hot and Coldpack Blayco,2,FC.02 | TTG01,Hot and Coldpack Blayco 130 x 180 mm reusable
Vicryl hechtdraad 5-0 FS-2 naald,2,V391H | V392H,Vicryl hechtdraad 5-0 FS-2 naald 45 cm
Vicryl plus hechtdraad 3-0,2,VCP423H | VCP442H,Vicryl plus hechtdraad 3-0 70cm FS-2 naald
Vicryl plus hechtdraad 2-0,2,VCP443H | VCP645H,Vicryl plus hechtdraad 2-0 70cm FS-1 naald
Vicryl Rapide hechtdraad 5-0,2,VR2296 | V4930H,Vicryl Rapide hechtdraad 5-0 75cm FS-3 naald
PDS II hechtdraad 3-0 ongekleurd FS-2 naald,2,Z293E | Z423E,PDS II hechtdraad 3-0 ongekleurd FS-2 naald 45 cm
Afscheidingszak 15l,2,690515 | 690615,Afscheidingszak 15l 90cm niet steriel
Beenzak 1C,2,690710 | 691770,Beenzak 1C 750 ml niet steriel
Cutisoft gaaskompres non-woven,2,71288-00 | 71288-12,Cutisoft gaaskompres non-woven 5 x 5 cm 4 laags
Sterilux ES katenen gaaskompressen,2,205020 | 205021,Sterilux ES katenen gaaskompressen 5 x 5 cm 17 draads 8 lagen
Proctoscoop recht,2,A.4024.1 | SAPA40221,Proctoscoop recht 65 x 23 mm
Desinfectiespray oppervlakte Meliseptol Foam Pure,2,19171 | 19796,Desinfectiespray oppervlakte Meliseptol Foam Pure 750 ml
"Voorgevulde injectiespuit 0,9% NaCl Posiflush SP",2,306574 | 306575,"Voorgevulde injectiespuit 0,9% NaCl Posiflush SP 5 ml"
Cutimed Protect barrierecreme,2,72652-00 | 72652-03,Cutimed Protect barrierecreme 28 gram
Cutimed Protect spray,2,72653-00 | 72653-01,Cutimed Protect spray 28 ml
Ethilon hechtdraad 5-0,2,698H | 1668H,Ethilon hechtdraad 5-0 45 cm zwart P-3 Prime
PDS plus hechtdraad 3-0,2,PDP316H | PDP423H,PDS plus hechtdraad 3-0 70cm SH- naald violet
Spongostan,2,MS0005 | MS0003,Spongostan 10 x 10 x 10 mm
Vicryl hechtdraad 4-0 FS-2 naald,2,V292H | VR2297,Vicryl hechtdraad 4-0 FS-2 naald 45 cm
Vicryl Plus hechtdraad 2-0,2,VCP453H | VCP323H,Vicryl Plus hechtdraad 2-0 70 cm violet FS-1 naald
Vicryl hechtdraad 5-0,2,V291H | V493H,Vicryl hechtdraad 5-0 45 cm ongekleurd FS-2 naald
Pagasling absorberende depper nummer 3 pruim,2,481294 | 482294,Pagasling absorberende depper nummer 3 pruim
Pagasling absorberende depper nummer 4 ei,2,481299 | 482299,Pagasling absorberende depper nummer 4 ei
Pagasling absorberende depper nummer 2 walnoot,2,481293 | 482293,Pagasling absorberende depper nummer 2 walnoot
Klinifix hydrolast fixatiewind.,2,40132228 | 4013229,Klinifix hydrolast fixatiewind. 6cm x 4m wit
Dry Patient washand,2,MEDGLOVE03 | MEDGLOVE02,Dry Patient washand 14.5 x 20 cm 75gsm
Micromistvernevelaar incl mondstuk Hudson,2,41892 | HCS892,Micromistvernevelaar incl mondstuk Hudson
"zuurstofbril Hudson met 2,1 meter slang volwassenen",2,41820 | 1820CE,"zuurstofbril Hudson met 2,1 meter slang volwassenen"
Noba Nobatop non woven,2,704205 | 704210,Noba Nobatop non woven 5 x 5 cm
S&amp;N Jelonet,2,66007404 | 66007403,S&amp;N Jelonet 10 x 10 cm
S&amp;N Melolin,2,66974939 | 66974940,S&amp;N Melolin 20 x 10 cm
S&amp;N Opsite spray,2,66004978 | 66004980,S&amp;N Opsite spray 100 ml
Instrumentendoos RVS,2,01081 | 00124,Instrumentendoos RVS 180 x 120 x 50 mm
Sony printerpapier kleur,2,UPC-21L | UPC-21S,Sony printerpapier kleur
Sony printerpapier High Glossy,2,UPP-110HG | UPP-84HG,Sony printerpapier High Glossy 110 mm x 18 m
"Noba pretape 27,5 meter x",2,506010 | 506007,"Noba pretape 27,5 meter x 10 cm"
Minta intermediate kabel Cosman,2,GABICS | RYANC,Minta intermediate kabel Cosman
Verbandschaar Lister Mediware,2,017 | 018,Verbandschaar Lister Mediware 16 cm
Larynxmasker AuraOnce,2,32140000 | 32150000,Larynxmasker AuraOnce maat 4
Mediware disposable schort,2,27926 | 25194523,Mediware disposable schort 103 cm
Leukoplast soft white strips,2,76450-04 | 76450-03,"Leukoplast soft white strips 3,8 x 7,2 cm 100 st"
Codan Take set opzuignaald,2,164200 | 16.4200,Codan Take set opzuignaald
Merbach onderzoekbankpapier wit,2,404061 | 404060,Merbach onderzoekbankpapier wit 50 cm x 100 m
Wattendrager kaal Medistix,2,0104 | G8 104,Wattendrager kaal Medistix 150mm
OXD Arnica Gel -,2,TFG01 | TFG0A,OXD Arnica Gel - 250ml
OXD Sports Cooling gel,2,T3026 | T3003,OXD Sports Cooling gel 100 ml
OXD Sports Replenishing Gel,2,T3028 | T3005,OXD Sports Replenishing Gel 100ml
Merocel oortampon,2,400141 | 400146,Merocel oortampon 9 x 15 mm
L&amp;R Curatest Epicutaantestpleister vliesstof,2,30054 | 163055,"L&amp;R Curatest Epicutaantestpleister vliesstof 12,5 x 7,5 cm 50 x 10 testpleis"
Nasopharyngeale tube Söhngen,2,0105105 | 105105,Nasopharyngeale tube Söhngen CH 20
Beademingsballon Clearline II PVC,2,04020-S | 04010-S,Beademingsballon Clearline II PVC 550 ml size 3
L&amp;R Suprasorb A alginaat verband,2,33932 | 33933,L&amp;R Suprasorb A alginaat verband 5 x 5
Mediware afdekdoek,2,514572 | 80033075,Mediware afdekdoek 45 x 75 cm
Proctoscoop,2,81707 | 81708,Proctoscoop 20mm Licht (502/L)
Stiefel ring curette,2,STIEFEL CUR 7 | STIEFEL CUR 4,Stiefel ring curette 7 mm
Pipelle de Cornier Mark 1 catheter,2,1111000 | 1103000,Pipelle de Cornier Mark 1 catheter
Urinaal,2,504278810 | 0504278810,Urinaal 900 ml Curas
BladeFlask scalpelmes-verwijderingssysteem,2,QS1000 | QFYGEN,BladeFlask scalpelmes-verwijderingssysteem
Medline steriele wattenstokjes per,2,830010 | 831510ST,Medline steriele wattenstokjes per 2 stuks verpakt 15 cm
Medline Huidstapler,2,F-35WB | F-35RB,Medline Huidstapler 7.2 x 4.9
Medi-Test Combi 5 N urine test strips,2,93036 | 93035,Medi-Test Combi 5 N urine test strips
Venoseld catheter voor laserbehandeling van spataderen,2,331 004 | 331 704,Venoseld catheter voor laserbehandeling van spataderen 100 cm soft tip
Onderlegger MoliCare Bed Mat Eco 7 drops,2,159003 | 159004,Onderlegger MoliCare Bed Mat Eco 7 drops 40 x 60 cm
Onderzoeksbankrollen verlijmd cellulose wit,2,1822 | 188,Onderzoeksbankrollen verlijmd cellulose wit 46 cm 150 meter
Handdoekjes Interfold cellulose 2 laags,2,222 | 219,Handdoekjes Interfold cellulose 2 laags 42 x 22 cm 120 doekjes
Afvalzak HDPE T10my,2,455010 | 505510,Afvalzak HDPE T10my 45 x 50 cm
Doekklem Backhaus,2,B000071.11 | B000070.09,Doekklem Backhaus 11 cm
Irisschaar spits / spits,2,B000783.11 | B000780.11,Irisschaar spits / spits 11 cm gebogen rvs
Maier koorntang met cremaillere slot,2,B000919.25 | B000920.25,Maier koorntang met cremaillere slot 25 cm recht rvs
Mosquito arterieklem,2,B001041.12 | B001043.12,Mosquito arterieklem 1x2 tanden 12 cm recht rvs
Mosquito arterieklem anatomisch,2,B001042.12 | B001040.12,Mosquito arterieklem anatomisch 12 cm gebogen rvs
Oorspuit 50 cc inclusief 3 aanzetten / spatschild,2,B001132.17 | B001131.17,Oorspuit 50 cc inclusief 3 aanzetten / spatschild 17 cm in luxe opbergdoos
Nageltang gebogen bek met kruisveer,2,B001084.14 | P080070.14,Nageltang gebogen bek met kruisveer 14 cm rvs
Knopsondes,2,B001393.14 | B001394.14,Knopsondes 1 mm 14 cm Rvs
Stemvork 128 Hz,2,B001442.20 | B001439.20,Stemvork 128 Hz 20 cm Rvs
Irisschaar,2,L600290.11 | L600300.11,Irisschaar 11 cm recht rvs Linkshandig
Vliwazell absorberend wondverband,2,30343 | 30434,Vliwazell absorberend wondverband 20 x 20 cm
Mepilex Border Flex,2,595377 | 595360,Mepilex Border Flex 10 x 10 cm
Mepitel One,2,289270 | 289300,Mepitel One 9 x 10
Vliwazell sterk absorberend wondverband,2,30430 | 30431,Vliwazell sterk absorberend wondverband 10 x 10
Gaaskompressen extra non woven,2,175104 | 175134,Gaaskompressen extra non woven 5 x 5 cm 8 laags
Chirurgische bowl,2,489-503 | 489-504,Chirurgische bowl 500 ml per stuk verpakt
BD Vacutainer Safety-Lok vleugelnaald 21 G x,2,367282 | 367246,BD Vacutainer Safety-Lok vleugelnaald 21 G x 19 mm 18 cm slang
Blayco huid curette,2,DCS70 | DCS40,Blayco huid curette 7 mm
Arterieklem kocher,2,0010 | 010,Arterieklem kocher 14 cm recht
Stethoscoop KaWe dubbelzijdige kop zwart,2,622.100.024 | 06.22100.024 ,Stethoscoop KaWe dubbelzijdige kop zwart
Cocune Washandjes hypoallergeen zonder parfum,2,21-1002 | 21-1004,Cocune Washandjes hypoallergeen zonder parfum 8 stuks per verpakking
Cocune Washandjes hypoallergeen,2,21-1001 | 21-1005,Cocune Washandjes hypoallergeen 8 stuks per verpakking
Omron manchet medium 22 -,2,95132566 | 9520534-2,Omron manchet medium 22 - 32 cm voor M2 &amp; M2 Basic
Injectienaald AGANI 20 G x,2,AN2038R1 | AN2025R1,Injectienaald AGANI 20 G x 38 mm
Dormo ECG electrode foam met semi vloeibare gel TEDS1,2,TEDS1 | LEH-36,Dormo ECG electrode foam met semi vloeibare gel TEDS1
Welch Allyn Duophon,2,5079-76 | 5079-73,Welch Allyn Duophon 40 stethoscoop blauw
Algerbrush extra boortje 0.5mm,2,DSP42101.05/25 | DSP42101.05/05,Algerbrush extra boortje 0.5mm
Irrigatiespuit,2,620060 | 620100,Irrigatiespuit 60ml
Suprapubische katheter van silicone,2,645012 | 645010,Suprapubische katheter van silicone CH 12
Urinezakhouder Polypropyleen,2,690010 | 690030,Urinezakhouder Polypropyleen
UROSID® TUR-zak,2,690240 | 690250,UROSID® TUR-zak 4000ml 120 cm slang naaldvrij
Urosid Urinemeter 26l Dubbel,2,690311 | 690321,Urosid Urinemeter 26l Dubbel 400ml 150cm Steriel
Urosid Urinemeter 26l Triple,2,690312 | 690322,Urosid Urinemeter 26l Triple 400ml 150cm Steriel
UROSID 24h Been/bedzak  1l,2,693730 | 693760,UROSID 24h Been/bedzak  1l 30cm
MoliCare® Skin vochtige reinigingsdoekjes,2,995038 | 995075,MoliCare® Skin vochtige reinigingsdoekjes 50 stuks
MaiMed-Apron schort Light PE,2,MAI-00077524 | MAI-00077521,MaiMed-Apron schort Light PE 75 x 120 cm wit
Sharpsafe naaldencontainer,2,SHA-51702610 | 3066132,Sharpsafe naaldencontainer 450 ml grijs grote opening
Mesorb absorberend verband,2,677100 | 677001,Mesorb absorberend verband 10 x 13 cm
Hypafix,2,71443-00 | 71443-01,Hypafix 10 x 10
Bel wattenschijfjes,2,918552 | 918766,Bel wattenschijfjes
Omnican F,2,9161520S | 9161502S,Omnican F 1 ml injectiespuit met naald 30 G x 12 mm
BD Eclipse naald 25 G x,2,305781 | 305787,BD Eclipse naald 25 G x 16 mm met 3 ml Luer Lock spuit
BD SafetyGlide spuit,2,305945 | 303327,BD SafetyGlide spuit 1 ml met geintegreerde tuberculose naald 27 G x 13 mm
Tegaderm I.V. Advanced,2,1688 | 1680,Tegaderm I.V. Advanced 10 x 12 cm
Ambu Blue Sensor rust ECG elektroden,2,M-00-S | M-00-A,Ambu Blue Sensor rust ECG elektroden
Flexiport manchet zonder slang voor volwassenen,2,REUSE -11 | REUSE-11,Flexiport manchet zonder slang voor volwassenen
Hubernaald Winged Surecan Ndl FAP,2,4448340 | 4448448,Hubernaald Winged Surecan Ndl FAP 20G x 20mm
Push Sports armbrace one size,2,11100 | 470100,Push Sports armbrace one size
Incisiefolie ioban antimicrob,2,6640 | 6640EU,Incisiefolie ioban antimicrob
Aesculap Mayo-Hegar Needle Holder,2,BM235R | BM236R,Aesculap Mayo-Hegar Needle Holder 150mm
Aesculap Wondhaak Gillies Skin Hook,2,OL611R | OL612R,Aesculap Wondhaak Gillies Skin Hook 180mm - klein
Aceton 1 liter,2,840065A | 10300,Aceton 1 liter
Urimed Cath. Foley Nelaton,2,4563314 | 4563316,Urimed Cath. Foley Nelaton CH14 2-weg verblijfskat 42cm 10ml
Wellion Luna glucosestrips,2,WELL610CHOL | WELL615,Wellion Luna glucosestrips
Hema Combistix urinetesten,2,10317353 | 10324743,Hema Combistix urinetesten
Schort PE,2,767050 | 762050,Schort PE 80 x 125 cm
Medtronic Gia,2,GIA60MTC COV | GIA60MTS COV,Medtronic Gia 60 Stapler met Tri-Staple Technologie - Medium/Thick paars  - 6 st
Smiths Medical Tracheal Intubation Stylet,2,100/120/200 | 100/120/300,Smiths Medical Tracheal Intubation Stylet 335 mm
EcolaB Incidin Oxywipe NG,2,ECO-3114190 | 3114110,EcolaB Incidin Oxywipe NG 25 x 37 cm
Medline naaldenteller 60 x magneet,2,MED-NC60MMBRCE | MED-NC60MMCE,Medline naaldenteller 60 x magneet
BSN Leukoplast Leukomed wondpleister,2,BSN-79952-01 | BSN-79952-02,"BSN Leukoplast Leukomed wondpleister 5 x 7,2 cm"
BSN Leukoplast Leukomed t plus wondpleister,2,BSN-79954-01 | BSN-79954-02,"BSN Leukoplast Leukomed t plus wondpleister 5 x 7,2 cm"
BSN Leukoplast Elastomull windsel 4 m x,2,BSN-79996-01 | BSN-79996-02,BSN Leukoplast Elastomull windsel 4 m x 8 cm
BSN Leukoplast Elastomull haft windsel 4 m x,2,BSN-79997-01 | BSN-79997-02,BSN Leukoplast Elastomull haft windsel 4 m x 8 cm
Hansaplast Classic wondpleister 5 m x,2,1291 | 48688,Hansaplast Classic wondpleister 5 m x 4 cm
TENA Bed Plus onderlegger,2,TEN-770132 | TEN-700132,TENA Bed Plus onderlegger 40 x 60
Cederroth Wondreiniger,2,CED-3227 | CED-323700,Cederroth Wondreiniger
Cederroth Soft Foam Bandage Blue,2,CED-51011010 | CED-51011022,"Cederroth Soft Foam Bandage Blue 6cm x 4,5m"
Cederroth Soft Foam Bandage Beige,2,CED-51011018 | CED-51011020,"Cederroth Soft Foam Bandage Beige 3 cm x 4,5 m"
Mepilex Border Flex Lite schuimverband,2,MOL-581277 | MOL-581377,"Mepilex Border Flex Lite schuimverband 7,5 x 7,5 cm"
MADA 83 orange Pulmonale filter inclusief foam neusklem,2,30866 | 30842,MADA 83 orange Pulmonale filter inclusief foam neusklem
MADA,2,30889 | 30897,MADA 83 Green Bacteriefilter
Injectienaald AGANI 18 G x,2,AN1838R1 | AN1838S1,Injectienaald AGANI 18 G x 38 mm roze
Injectienaald AGANI 25 G x,2,AN2516R1 | AN2525R1,Injectienaald AGANI 25 G x 16 mm oranje
Veiligheidsnaald SAFETY AGANI 18 G x,2,SAN1825R1 | SAN1838R1,Veiligheidsnaald SAFETY AGANI 18 G x 25 mm roze
Veiligheidsnaald SAFETY AGANI 19 G x,2,SAN1925R1 | SAN1938R1,Veiligheidsnaald SAFETY AGANI 19 G x 25mm beige
Veiligheidsnaald SAFETY AGANI 22 G x,2,SAN2238R1 | SAN2225R1,Veiligheidsnaald SAFETY AGANI 22 G x 38 mm zwart
Veiligheidsnaald SAFETY AGANI 23 G x,2,SAN2325R1 | SAN2338R1,Veiligheidsnaald SAFETY AGANI 23 G x 25 mm blauw
Syringe without needle TERUMO 5.0ml- Luer Lock -Centric,2,SS*05LE1 | MDSS05LE,Syringe without needle TERUMO 5.0ml- Luer Lock -Centric
Veiligheidsnaald SAFETY AGANI 20 G x,2,SAN2025R1 | SAN2038R1,Veiligheidsnaald SAFETY AGANI 20 G x 25mm geel
Veiligheidsnaald SAFETY AGANI 21 G x,2,SAN2125R1 | SAN2138R1,Veiligheidsnaald SAFETY AGANI 21 G x 25 mm groen
Winged Infusion Set with Protector SURFLO 21Gx19mm -,2,SVS21NL09 | SVS21NL30,Winged Infusion Set with Protector SURFLO 21Gx19mm - 9cm tubing -Green
Winged Infusion Set with Protector SURFLO 22Gx19mm -,2,SVS22NL09 | SVS22NL30,Winged Infusion Set with Protector SURFLO 22Gx19mm - 9cm tubing - Black
Winged Infusion Set with Protector SURFLO 23Gx19mm -,2,SVS23NL09 | SVS23NL30,Winged Infusion Set with Protector SURFLO 23Gx19mm - 9cm tubing - Blue
Biaitain schuimverband niet klevend,2,COL-3410 | COL-3416,Biaitain schuimverband niet klevend 10 x 10 cm
Biatain Ag zelfklevend schuimverband,2,COL-39632 | COL-39635,"Biatain Ag zelfklevend schuimverband 12,5 x 12,5 cm"
Biatain schuimverband niet klevend,2,COL-3412 | COL-3413,Biatain schuimverband niet klevend 10 x 20 cm
Comfeel Plus,2,COL-3280 | COL-3283,Comfeel Plus 6 x 8 cm
Medtronic ENT Slide-On™ EndoSheath™ system Pentax 1330/FNL-13S,2,MED-222401 | MED-332401,Medtronic ENT Slide-On™ EndoSheath™ system Pentax 1330/FNL-13S
Parker Spectra 360 electrode gel,2,PAR-12-02 | PAR-12-08,Parker Spectra 360 electrode gel 60 gram
Parker Signagel,2,PAR-15-25 | PAR-15-60,Parker Signagel 250 gram
Terumo dentale naald 27 G x,2,TER-DNM2721B | TER-DNM2712B,Terumo dentale naald 27 G x 21 mm
Mediborgh Medi-Sheet tillaken,2,MEDI-316652 | 316653,Mediborgh Medi-Sheet tillaken 100 x 150 cm 80 gsm spunlace non woven
Medline Penrose Siliconen drain plat,2,MED-551008 | MED-551012,Medline Penrose Siliconen drain plat 8 mm x 30 cm
Welch Allyn Flexiport manchet zonder slang volwassen,2,WEL-REUSE-12 | WEL-REUSE-13,Welch Allyn Flexiport manchet zonder slang volwassen
Bbraun Ultraplex plexusnaald zonder stimulatie 22 G x,2,BBR-4892605-01 | BBR-4892608-01,Bbraun Ultraplex plexusnaald zonder stimulatie 22 G x 50 mm
Bbraun Ultraplex plexusnaald zonder stimulatie 20 G x,2,BBR-4892610-01 | BBR-4892615-01,Bbraun Ultraplex plexusnaald zonder stimulatie 20 G x 100 mm
3M Tegaderm Foam Adhesive,2,3M-90611 | 3M-90613,3M Tegaderm Foam Adhesive 10 x 11 cm ovaal
BD naald spuitcombinatie,2,BD-307742 | BD-307739,BD naald spuitcombinatie 5 ml 21 G x 40 mm
Nipro injectienaald 20 G x,2,NIP-HN-2050-ET | NIP-HN-2070-ET,Nipro injectienaald 20 G x 50 mm
Nipro injectienaald 27 G x,2,NIP-HN-2719-ET | NIP-HN-2738-ET,Nipro injectienaald 27 G x 19 mm
Nipro injectiespuit 2 delig,2,NIP-SY2-2SC-EC | NIP-SY2-10ESC-EC,Nipro injectiespuit 2 delig 2 ml Luer Slip
Hartmann Foliodrape afdekmateriaal instrumententafel,2,HAR-250228 | HAR-938848,Hartmann Foliodrape afdekmateriaal instrumententafel 150 x 160 cm
Mepilex schuimverband,2,MOL-294100 | MOL-294300,Mepilex schuimverband 10 x 10 cm
Skinman soft Protect,2,3118530 | 3118550,Skinman soft Protect 500 ml
Colonoscopie broeken,2,113-CPL | 113-CP XL,Colonoscopie broeken 120 x 65 mm blauw PP 40 gram
Mesoram mesotherapie naald 27 G x,2,710301 | 710302,Mesoram mesotherapie naald 27 G x 4 mm
Mesoram mesotherapie naald 33 G x,2,812402 | 812400,Mesoram mesotherapie naald 33 G x 12 mm
TSK Steriject steriglide naald 25 G x,2,SGC-25038 | SGC-25050,TSK Steriject steriglide naald 25 G x 38 mm
Medoject Fine Pen naald 30 G x,2,CHPN3006 | CHPN3008,Medoject Fine Pen naald 30 G x 6 mm
Medoject safety pen naald 30 G x,2,531113 | 531213,Medoject safety pen naald 30 G x 5 mm
Servobox naaldencontainer,2,I9 4702 | I9 4705,Servobox naaldencontainer 200 ml
Mediware bankpapier,2,5059 | 3759-50,Mediware bankpapier 59 cm x 50 meter 2 laags cellulose wit 9 rollen
Winged surecan port-a-cath naald 20 G x,2,4448332 | 4448359,Winged surecan port-a-cath naald 20 G x 15 mm
Vicryl hechtdraad 1 CP,2,VCP486H | V480H,Vicryl hechtdraad 1 CP 90 cm
Vicryl hechtdraad 1,2,VCP627H | VCP637E,Vicryl hechtdraad 1 2 x 70 cm
Aquacel Foam niet adhesief schuimverband,2,420636 | 420633,Aquacel Foam niet adhesief schuimverband 20 x 20 cm
3M tegaderm + pad,2,3586NP | 3582P,3M tegaderm + pad 9 cm x 10 cm
Kaltostat alginaat wondverband,2,168210 | 168212,Kaltostat alginaat wondverband 5 x 5 cm
Microtek ultracover probecover,2,86663 | 86684,Microtek ultracover probecover 26 x 300 mm
Vicryl hechtdraad 9-0 gs-9,2,V493G | V439G,Vicryl hechtdraad 9-0 gs-9 30 cm
Reymerink Alcohol Podior 70%,2,17025T | 25400,Reymerink Alcohol Podior 70% 500ml Spraykop
Flaminal Hydrogel wondgel,2,1031-1 | 1032-1,Flaminal Hydrogel wondgel 25 gram
Disposable non woven handdoek,2,RH244 | RH242,Disposable non woven handdoek 30 x 70 airlaid
ABE® derm plus doorzichtige eilandpleister,2,9580 | 9581,ABE® derm plus doorzichtige eilandpleister 5 x 7
Aquacel foam adhesive schuimverband,2,420621 | 420626,Aquacel foam adhesive schuimverband 17.5 x 17.5 cm
Aqua Stop douche beschermhoes arm,2,M1 A17 | M1 A21,Aqua Stop douche beschermhoes arm 22 x 48 cm
Aqua Stop douche beschermhoes onderbeen,2,M1 L25 | M1 L20,Aqua Stop douche beschermhoes onderbeen 29 x 64 cm
Caprosyn hechtdraad ongekleurd 4-0,2,SC-690G | SC-5690G,Caprosyn hechtdraad ongekleurd 4-0 45 cm C13
Kliniplast Border,2,294205 | 294206,Kliniplast Border 10x25cm steriel
Intersurgical,2,2903005 | 5015005,Intersurgical 30mm UniFlow™ coaxiaal beademingssysteem met geïntegreerde monitor
Rüsch Polaris MAC disposable laryngoscoopbladen,2,4150130 | 4150140,Rüsch Polaris MAC disposable laryngoscoopbladen maat 3
KOMPRI lux S gaas met X-ray,2,GS1710201220-SSXR | GS17100810-SSXR,KOMPRI lux S gaas met X-ray 10 x 20 17 laags 10 x 20 cm per 10 stuks verpakt
Bbraun Novosyn hechtdraad violet 0,2,C0068037N1 | C0058407,Bbraun Novosyn hechtdraad violet 0 70 cm HR22S